id,name,specialization,address,phone_number,email
31,Robert Carter,Gynecologist,"0484 James Isle
New Christine, IA 42724",714.827.3394,ffowler@example.net
4,Albert Brown,Pediatrician,"4436 Grace Lane
West Vincentville, WY 62482",7617505951,fkoch@example.com
82,Mercedes Cross,General Surgeon,"72043 Brian Stravenue
East James, MA 01303",(779)967-6312x356,melindapayne@example.net
86,Andrew Pitts,Orthopedic Surgeon,"698 Lin Drives Suite 422
Smithside, NH 32418",001-683-348-6702x17417,jennifer77@example.org
91,Mary Huang,Pediatrician,"409 Michael Passage
Chapmanland, LA 35292",703-710-1524x4206,larry20@example.org
16,Rita Clark,Endocrinologist,"7718 Sara Dale
New Kimberlyshire, TN 98760",892-796-3225,powellchristina@example.com
135,Jessica Mckay,Radiologist,"9762 Elliott Vista
Anthonyton, MH 16055",537.646.1167,tiffanyhamilton@example.org
145,Diana Mclean,Pediatrician,"584 Andrew Pike
Rodriguezville, AL 62193",(295)613-9844x7794,jessica82@example.net
147,Holly Jimenez,Neurologist,"47897 Carlos Harbor
Melissaside, FL 98073",446.857.8172x413,jonesdavid@example.org
110,James Koch,Dermatologist,"957 Johnson Burg Apt. 415
Lake Michael, OR 82746",943.892.7487,suzanne27@example.net
47,Joseph Juarez,Neurologist,"35391 Williams Valleys
East Frankside, SC 29420",+1-676-988-9681x330,jflores@example.com
103,Becky Ryan,Cardiologist,"36939 Goodman Circles
Stantonborough, NC 95426",315-493-8568,elizabeth92@example.org
111,Kimberly Turner,Oncologist,"087 Ortiz Islands
New Melissa, WY 40879",(718)280-0716x805,kochscott@example.net
60,Susan Wright,Neurologist,"738 Lane Court
New Stevenmouth, MS 73870",001-914-914-0855x91124,qjackson@example.org
41,Brenda Sweeney,Cardiologist,"09301 James Circles
Jessicachester, NC 98024",847.854.6064x975,kristenrichards@example.net
149,Nicholas Gordon,Dermatologist,"Unit 9155 Box 0264
DPO AA 26828",971-480-6490,howardjody@example.net
24,Kathleen Hoffman,General Surgeon,"6351 Catherine Throughway
Katherinemouth, MN 75521",(807)453-7167x1658,hperez@example.org
84,Jason White,General Surgeon,"6342 Charles Forest Apt. 908
Bernardborough, PA 41879",273.981.1674x791,rachelcarter@example.org
133,Amanda Allen,Gynecologist,"Unit 4242 Box 1600
DPO AA 72579",486-280-2658x373,michael30@example.net
61,Jeffrey Jenkins,Oncologist,"827 Peterson Highway Suite 913
Port Edwinchester, HI 70209",+1-627-665-4911x6154,yowens@example.com
148,Christopher Roman,General Surgeon,"61159 Joseph Unions Apt. 059
East Dana, MT 49519",413-281-4637,lisa17@example.org
35,Tim Martin,Gynecologist,"2719 Mccarthy Drive
New Jamieville, WY 43958",(484)769-6528,wsmith@example.org
115,Patricia Bennett,Dermatologist,"327 Holden Groves Apt. 161
East Seth, CT 44978",(933)865-7524,samantha53@example.net
94,Alexa Gordon,Endocrinologist,"USCGC Mercado
FPO AP 72272",(479)959-7612x125,nmorris@example.org
19,Shelley Allen,Pediatrician,"Unit 0587 Box 6232
DPO AE 88901",694.210.7350x9905,adamssarah@example.org
44,Kelly Rogers,Cardiologist,"1239 Katrina Prairie
Robertborough, MN 03728",616-284-4914,hollowayleonard@example.com
21,Juan Coffey,Dermatologist,"671 Larsen Field
South Jill, AZ 24782",+1-300-591-2829x8386,johnstonrachel@example.org
68,Isaac Castro,Orthopedic Surgeon,"431 Davis Lodge
Floydstad, AL 54728",5134894499,shelley06@example.com
34,Erik Vazquez,Endocrinologist,"50627 Kari Glens
South Bryce, IA 27638",609-435-9071,ballardsarah@example.com
98,Kathleen Wall,Pediatrician,"5161 Dale Garden Apt. 029
West Todd, AZ 01919",491.574.2079,burtonbruce@example.net
129,Holly Douglas,General Surgeon,"43476 John Creek
Singletonview, GA 80598",568.457.3845x474,brianwelch@example.com
56,Jon Garrett PhD,Orthopedic Surgeon,"03849 Ortiz Common Apt. 253
Woodsmouth, GA 17751",225.317.0957x902,oramirez@example.com
92,Stephanie Bright,Oncologist,"0936 Valerie Oval
North Deborahfort, WA 52790",+1-430-831-7100,lucasmichael@example.com
5,Briana Khan,Cardiologist,"25091 Danny Ranch Suite 651
Loritown, ME 99076",330-910-0535,williejones@example.com
104,Jacob Adams,Orthopedic Surgeon,"792 Kevin Islands Suite 480
Russellville, WI 36215",2672129996,garrettjerry@example.net
75,Alyssa Callahan,General Surgeon,"80764 Angel Island Apt. 349
Port Angelabury, WV 14499",718-687-1315x9423,sean00@example.org
58,Katherine Campbell,Radiologist,"Unit 3157 Box 6893
DPO AP 02337",001-915-281-9710x63535,gregorymoore@example.org
76,Jason Moore,Cardiologist,"47907 Lisa Trail
Benjaminberg, CO 94577",+1-604-618-5412x74425,fowlerdavid@example.org
150,Alexis Evans,Radiologist,"5916 Daniel River Apt. 979
New Holly, ME 67544",366.844.8810,yjohnson@example.net
90,Samantha Huerta,Endocrinologist,"62743 Johnson Spurs Suite 856
North Ashley, MP 45825",483-305-5882,wilsonisaac@example.net
12,Edward Maxwell,Orthopedic Surgeon,"PSC 7069, Box 1768
APO AE 27972",(750)701-4434,alvaradostacy@example.org
137,Diane Cisneros,Oncologist,"12842 Mccullough Road Suite 387
Lake Kyleside, TN 09492",001-585-915-8091x9591,aaron01@example.net
55,Jamie Robinson,Cardiologist,"5466 Nicholas Harbors Suite 707
Lake Shellybury, NV 63906",269.303.7203x92991,michael86@example.net
136,Kenneth Potter,Endocrinologist,"5763 John Summit
South Deannaburgh, OR 07352",001-409-283-2721,gregory97@example.com
10,Ronald Alexander,Gynecologist,"41686 Jones Cape
South Nancyborough, CO 78074",268.296.0304,perryjohn@example.net
146,Christie Ryan,Orthopedic Surgeon,"018 Evan Highway Apt. 710
Valeriefort, PW 78041",+1-997-777-2271x0327,phillipsmichael@example.com
130,Samantha Lopez,Gynecologist,"24490 Hill Mountain
Crawfordshire, RI 09146",(800)809-6095,bbernard@example.com
77,Peggy Ortiz,Orthopedic Surgeon,"PSC 3164, Box 4673
APO AA 39942",834-498-0698x3560,diazscott@example.net
93,Roger Moreno,General Surgeon,"62635 Walsh Stravenue Suite 331
Reynoldsville, PW 66387",762-595-0079x685,masseyjoseph@example.org
28,Tiffany Massey,Radiologist,"117 Theresa Hills Suite 974
East Alexanderborough, FM 30743",+1-208-343-1969x96630,timothy76@example.net
27,Ashlee Carney,Cardiologist,"9417 Mindy Drive Apt. 213
West Kathrynhaven, MD 28664",894.681.7780,sabrinasmith@example.org
3,Jessica Scott,Dermatologist,"516 Donald Lodge Suite 578
West Michelle, MD 88807",4606196321,brownjulie@example.com
78,Dalton Mack,Gynecologist,"69691 Cole Flat Apt. 847
Riddlemouth, FL 11449",781-952-4731,raysarah@example.org
50,Andrew Campbell,Orthopedic Surgeon,"02334 Brenda Track Suite 207
West Charlesfurt, DC 38011",661.210.9787x255,allenatkinson@example.com
141,Tracy Gordon,Radiologist,"USNV Garcia
FPO AA 39471",(976)736-4176,simpsondenise@example.net
8,Mario Schneider,Dermatologist,"7795 Allen Rapid
Welchfort, MS 58574",795-323-5989,sarahriley@example.com
96,Debbie Browning,Neurologist,"PSC 5990, Box 3258
APO AP 16730",+1-441-550-9532x66407,wilsonsarah@example.net
95,Thomas Mejia,Pediatrician,"646 Bray Crossing
Taylormouth, MD 46524",(843)253-7905x28963,robertbaker@example.net
23,Richard Parker,Endocrinologist,"7279 Erin Pass Apt. 197
Nguyentown, NM 44795",720.781.1859,abbottkaren@example.net
122,Andrea Gay,Radiologist,"178 Patrick Skyway Apt. 516
East Bobbytown, TX 19212",219.660.5911x599,abbottdonna@example.net
116,Eric Lee,Orthopedic Surgeon,"46908 Martinez Ridge Suite 022
Wolfefurt, NV 67485",(508)675-9353x259,kingjaclyn@example.net
85,Karina Baker,Cardiologist,"660 Courtney Harbors Apt. 934
East Allisonview, NV 69770",8278940749,susan89@example.net
81,Michelle Ayala,Radiologist,"6887 Anna River Apt. 710
New Jeffrey, NE 02533",256.448.3765x133,aolson@example.net
139,Erin Bird,Pediatrician,"USNS Alvarado
FPO AE 33201",(633)830-1694x07610,nicholas77@example.com
29,Teresa Grant,General Surgeon,"339 Jesse Overpass Suite 935
Scottland, ND 58545",539-232-7563x29918,grayrobert@example.org
74,Valerie Parker,Endocrinologist,"4474 Dorothy River Suite 584
Williamsshire, AS 79113",001-938-879-4665x3488,milleredward@example.org
54,Andrew Stokes,Cardiologist,"75511 Dawn Forest
West Ginaton, SC 06379",(866)524-8222,kellykristina@example.net
109,Charles Valenzuela,Dermatologist,"PSC 3717, Box 0029
APO AA 05097",+1-239-892-0550x860,laurengregory@example.com
64,Ethan Schaefer,Neurologist,"26186 Mary Valleys
Austinport, KS 34260",306.771.2957x66851,isabelrios@example.net
126,Brian Fry,General Surgeon,"471 Michael Mountains Apt. 865
New Michael, MP 44419",372-200-0180,michaelcunningham@example.net
11,Mark Peters,Dermatologist,"7847 Russell Canyon Apt. 054
North Joshua, IA 10389",+1-423-928-4407x58705,simsjill@example.org
105,Alexis Clark,Dermatologist,"091 Hoover Run Apt. 035
West Michaelville, SD 31311",329.758.5718x336,fischersheila@example.com
9,Alex Burton,Radiologist,"851 Cheryl Mews Apt. 529
New Caseyland, NM 87562",507.542.1505,qrodgers@example.org
134,Brandy Atkinson,Orthopedic Surgeon,"60986 Stokes Keys Apt. 318
Christinaville, KS 68236",+1-485-356-3187x76675,mnichols@example.net
57,Jason Morgan,Radiologist,"4785 James Ridge Suite 473
Micheleborough, AS 67599",001-850-496-4854,vholmes@example.org
131,Jessica Lawrence,Radiologist,"47777 Alexandra Greens Apt. 954
Danielmouth, AR 35299",982-313-8102x4675,elizabeth84@example.org
112,Brenda Hess,Cardiologist,"29954 Fritz Mill
East Brandy, FL 55191",+1-697-677-4843,gking@example.com
69,Elizabeth Ibarra,Endocrinologist,"9123 Peters Trace Suite 366
Robertfurt, AZ 16966",001-515-396-3165x870,gerald33@example.net
83,Bradley Mccoy,Oncologist,"76483 Kelsey Gateway Apt. 232
Lake Josephton, IA 83314",+1-494-895-2549x781,robertharris@example.com
7,Natalie Dominguez,Cardiologist,"264 Jones Forges Suite 538
North Jonathanmouth, NJ 10098",296-666-0915x28396,sibarra@example.com
114,Michael Hawkins,Dermatologist,"609 Cortez Lakes
Port Lucasfort, OK 87647",001-270-995-4142x027,rachelkeller@example.net
100,Daniel Baxter PhD,Endocrinologist,"47011 Christopher Row
West Josephmouth, OR 92162",+1-587-438-2934,crystaljordan@example.com
127,Jacob Wilson,Neurologist,"42048 Williams Roads
New Christopherbury, TX 30965",(655)571-0272x936,glennreyes@example.com
72,Katie Young,Endocrinologist,"30483 Lewis Stream Apt. 574
Hendersonside, HI 20838",434.956.8366x58413,katherinekey@example.net
49,Kevin Durham,General Surgeon,"524 Pham Flat Suite 739
Anthonyton, IA 16474",779.966.0543x296,brooke19@example.org
51,Michelle Adams,Orthopedic Surgeon,"61158 Larry Roads
Michaeltown, WY 93778",(986)506-0347x869,anthony23@example.com
15,Sarah Wade,Dermatologist,"667 Mack Roads
West Shannon, MT 80956",+1-843-540-2048x8744,cynthia73@example.net
102,Claire Crawford,Neurologist,"026 Mccarty Falls Apt. 479
Davidshire, GU 04806",809.420.4514x79085,gwalker@example.com
63,Jane Hunter,Endocrinologist,"7896 Michael Crescent
Lake Daniellestad, FM 55386",+1-725-613-5234x3796,obrienronald@example.net
67,William Johnson,Endocrinologist,"941 Patel Throughway Suite 459
Jacksonview, MO 96297",513.714.8478,christopherstewart@example.com
140,Ryan Evans,Oncologist,"457 Moore Landing
Lake Roberttown, UT 40937",5264693501,melissaking@example.net
70,Tammy Garza,Orthopedic Surgeon,"6912 John Branch Apt. 416
South Tristanchester, IA 97620",700-936-9212x023,julie33@example.com
117,Derek Thomas,Endocrinologist,"780 Marshall Dam Apt. 300
Mathiston, TX 34091",001-347-679-2658x98579,bperkins@example.net
89,Michael Williams,General Surgeon,"36828 Molly Road
Spencerfurt, SC 62925",(733)250-9617,jamesrivera@example.net
138,Jennifer Norman,Neurologist,"15734 Morse Squares
South Briannaville, IL 69058",001-541-606-5231x7005,theresamoore@example.com
99,Eric Jimenez,Neurologist,"317 Odonnell Burg
Port Matthew, AS 20113",(319)484-2344x2579,dpoole@example.net
97,Terry Barnett,Radiologist,"7442 Mike Unions
Lake Jennifer, ND 83439",242-766-8532x03159,justin25@example.com
38,Alexandra Richards,Orthopedic Surgeon,"20306 Pace Manors
New Brendaport, TX 48355",(629)390-2832x8052,kwhitaker@example.net
88,Kelly Dillon,Radiologist,"914 Scott Spur
Hestershire, FM 20169",+1-422-249-7885x715,danieljessica@example.org
33,Paula Navarro,Endocrinologist,"3223 Cole Points
Port Michael, DE 28949",486.645.3994x29771,snydervanessa@example.org
108,Tyler Dunn,Pediatrician,"USNV Murphy
FPO AE 19673",(972)253-4175x4118,smithalice@example.com
46,Crystal Leach DDS,Orthopedic Surgeon,"4931 Simmons Rapid Apt. 181
North Patrick, TX 36632",965.224.6033x7477,basstimothy@example.com
143,Christian Bailey,Orthopedic Surgeon,"162 Martinez Park
West Meghanside, AS 23881",2438465914,lawsondeanna@example.net
65,Paula Chan,Endocrinologist,"523 Perez Well
Lake Arthur, AZ 48030",638-515-0795x203,johnathanhammond@example.net
80,Shawn Lewis,Orthopedic Surgeon,"3845 Heather Orchard Apt. 885
Deannaview, AK 44290",(618)500-2126,richard39@example.com
17,Christopher King,Neurologist,"5714 Huffman Court
South Timothyview, PR 82856",7898981787,robertschristine@example.net
53,Cindy Stevens,Oncologist,"7779 Tanya Radial
East Edward, AZ 98144",668.667.3982x4541,davidmendez@example.org
43,Hailey Adams,General Surgeon,"3518 Rodney Trace Apt. 275
Hawkinstown, NC 06146",001-708-258-6436x503,derekreeves@example.org
25,Danielle Murphy,Pediatrician,"484 Bryan Burgs
Samuelton, GA 49916",717-503-4842x52737,tracy94@example.org
142,Jason Clark,Endocrinologist,"82278 Allison Forge Apt. 629
South Haleybury, TN 59216",430-725-1852,tiffanymoreno@example.com
30,Nicole Johnson,Cardiologist,"PSC 3076, Box 3278
APO AE 48264",(297)399-9058x645,aroberts@example.com
87,Elizabeth Miller,Dermatologist,"710 Evans Cliff
West Melissaville, VT 36671",979-352-2833x447,ejohnson@example.net
124,Terry Farmer,Dermatologist,"034 Larry Points Apt. 212
Flemingview, NE 13172",700-453-3624x6773,yreyes@example.com
101,Matthew Henry,General Surgeon,"705 Hawkins Stravenue Suite 698
South Emilyton, LA 79546",6983840214,thompsonann@example.net
36,Robert Thomas,Dermatologist,"131 Duane Ports
Lake Robertburgh, NY 32594",(314)301-9853x44088,ruben77@example.com
1,Tonya Henry,Gynecologist,"0511 Mark Ville
Vickishire, AR 61313",365-296-3486x3483,veronicamartinez@example.com
121,John Nash,Dermatologist,"09798 Brown Pike Suite 828
Danielmouth, PA 67500",(891)931-4313,amywillis@example.net
119,Michelle Spencer,Endocrinologist,"73737 Thomas Field Suite 734
Johnsonton, NM 12698",604.454.3965x105,wbranch@example.net
144,Bianca Walker,Pediatrician,"4218 May Lock
Brownside, KY 12613",001-789-466-4835x734,nelsonshawn@example.net
40,Amanda Johnson,General Surgeon,"074 Wilson Cove
Crosbychester, MD 46183",(402)283-3256,gardnershawn@example.net
132,Beverly West,Dermatologist,"6040 Williams Drives
Lake Ariana, TX 21502",001-298-733-2195,michael13@example.com
20,Bryce Wall,Orthopedic Surgeon,"463 Williams Camp Apt. 631
Port Anthony, NH 44995",834-490-2662x1179,jsandoval@example.net
45,Judith Lozano,Cardiologist,"4718 Griffin Fort
Dominguezview, ID 16549",493.928.7301x7468,fsimmons@example.net
118,Mark Nunez,Dermatologist,"9352 Cindy Court
Jacksonshire, MP 87768",888-456-4715,cassie34@example.com
32,Renee Green,Oncologist,"631 Wilkerson Center Suite 606
Andrewfurt, KS 33102",001-374-406-6426x8505,marshallcarlos@example.com
106,Max Garcia,General Surgeon,"63989 Brewer Tunnel
New Ashleychester, MP 05773",318.922.7138,huntnicole@example.net
37,Claudia Butler,General Surgeon,"06907 Shirley Ford Suite 781
South Douglas, CT 64104",001-738-863-9403x9430,jennifer32@example.net
128,Stephanie Hart,Neurologist,"7973 Murphy Corner Suite 688
Butlertown, UT 42052",001-820-939-7945x0913,amanda85@example.net
113,David Austin,Cardiologist,"Unit 9529 Box 4045
DPO AE 98027",385-845-7729x91908,marcus56@example.com
48,Jacqueline Bond,Neurologist,"14597 Todd Common
West Reginabury, MO 59679",695-328-8975x084,nrogers@example.org
6,Sean Clark,Neurologist,"81866 Stephanie Divide Apt. 400
Benjamintown, AZ 45195",(694)375-5707,simpsonabigail@example.org
26,Martha Johnson,Oncologist,"139 Hernandez Loop Suite 510
Hudsontown, IA 30425",+1-877-507-0717x121,isaiah78@example.org
71,Amanda Tran,Oncologist,"431 Love Park
Hollyberg, CT 33945",6048863159,eugenecampbell@example.org
39,Dana Jenkins,Cardiologist,"464 Andrea Bypass
Mortonchester, GA 49229",+1-255-427-5450x174,lmoore@example.org
73,Mary Bailey,Neurologist,"66274 Smith Fields
Natalieton, MT 94764",290-595-9616,dianefox@example.net
52,Anthony Thomas,Endocrinologist,"0110 Brian Stream Apt. 707
Joseton, AS 07282",001-864-444-3301x9932,turnerbenjamin@example.org
66,Theodore Smith,Dermatologist,"USNV Calderon
FPO AE 97292",001-839-681-7450x67170,ashley69@example.net
18,Ronald Morris,Orthopedic Surgeon,"70559 Sanchez Freeway
North Katherine, MH 34334",(687)842-6128x21411,josephgarza@example.net
120,Mark Bartlett,Cardiologist,"740 French Manors
Kruegershire, MN 77723",001-737-688-4138x644,littlejason@example.net
59,Allison Martin,Orthopedic Surgeon,"962 Thompson Alley
Contreraschester, NY 42027",(563)966-0147x629,ericyoung@example.org
107,Bryan Swanson,General Surgeon,"6678 Reyes Corner
Erikfort, DC 50607",(811)393-5235x27456,stephaniemorris@example.net
123,Sarah Taylor,General Surgeon,"68192 Yolanda Lights Suite 168
Philipmouth, ME 08169",+1-449-708-6332x401,toddyoung@example.net
62,Michele Gordon,Neurologist,"981 Roth Falls
Barneshaven, MI 95372",(973)574-7826x487,paulsmith@example.com
125,Tyler Hammond,General Surgeon,"6633 Edwin Crossing
South Brandiside, KY 19693",301-733-1451x77655,emartinez@example.org
42,Benjamin Fernandez,Radiologist,"6115 James Forks Apt. 075
Perryview, VT 45553",638-790-3005x8128,valeriewilliams@example.org
22,Miss Jade Cook,Gynecologist,"42227 Ortega Alley Suite 989
Rogersstad, GA 09103",671.607.7554,matthew21@example.org
14,Mary Castaneda,Radiologist,"073 Dylan Park Suite 996
Heatherhaven, AS 93095",001-719-274-9833x04986,jesusrogers@example.com
2,Caroline Arroyo,Orthopedic Surgeon,"888 Crystal Keys Suite 681
Walkerport, AK 13791",859-813-8498x53037,perezjean@example.com
13,Amanda Thomas,Gynecologist,"7997 John Plaza
West Susanview, NV 80897",811-910-3777x916,anthonywilliams@example.net
79,Aaron Potter,Radiologist,"33900 Turner Stravenue
Hammondberg, NY 34260",+1-952-229-5948x049,gloriadickerson@example.com
